{
    "description": null,
    "enabled": true,
    "icon_url": "",
    "id": "XUI-trp2glva",
    "label": "custom_form_manager",
    "last_updated": "2023-03-06",
    "maximum_version_required": "",
    "minimum_version_required": "8.6",
    "name": "custom_form_manager",
    "package_contents": [
        "custom_form_manager/__init__.py",
        "custom_form_manager/api_wrapper.py",
        "custom_form_manager/urls.py",
        "custom_form_manager/views.py",
        "custom_form_manager/xui_settings.py",
        "custom_form_manager/__pycache__/__init__.cpython-39.pyc",
        "custom_form_manager/__pycache__/api_wrapper.cpython-39.pyc",
        "custom_form_manager/__pycache__/urls.cpython-39.pyc",
        "custom_form_manager/__pycache__/version_control.cpython-39.pyc",
        "custom_form_manager/__pycache__/version_urls.cpython-39.pyc",
        "custom_form_manager/__pycache__/views.cpython-39.pyc",
        "custom_form_manager/__pycache__/xui_settings.cpython-39.pyc",
        "custom_form_manager/templates/admin_page.html",
        "custom_form_manager/templates/connect_blueprint.html",
        "custom_form_manager/templates/form_edit.html",
        "custom_form_manager/templates/form_new.html",
        "custom_form_manager/templates/map_functions.html",
        "custom_form_manager/templates/map_parameters.html",
        "custom_form_manager/templates/tab-overview.html",
        "custom_form_manager/templates/form.html",
        "custom_form_manager/static/js/jquery.csv.min.js",
        "custom_form_manager/static/js/survey.jquery.js",
        "custom_form_manager/static/js/survey.jquery.min.js",
        "custom_form_manager/README.md",
        "custom_form_manager/__init__.py",
        "custom_form_manager/api_wrapper.py",
        "custom_form_manager/urls.py",
        "custom_form_manager/views.py",
        "custom_form_manager/xui_settings.py",
        "custom_form_manager/README.md",
        "custom_form_manager/.DS_Store",
        "custom_form_manager/.git",
        "custom_form_manager/.github",
        "custom_form_manager/.gitignore",
        "custom_form_manager/__pycache__/__init__.cpython-39.pyc",
        "custom_form_manager/__pycache__/api_wrapper.cpython-39.pyc",
        "custom_form_manager/__pycache__/urls.cpython-39.pyc",
        "custom_form_manager/__pycache__/version_control.cpython-39.pyc",
        "custom_form_manager/__pycache__/version_urls.cpython-39.pyc",
        "custom_form_manager/__pycache__/views.cpython-39.pyc",
        "custom_form_manager/__pycache__/xui_settings.cpython-39.pyc",
        "custom_form_manager/templates/admin_page.html",
        "custom_form_manager/templates/connect_blueprint.html",
        "custom_form_manager/templates/form_edit.html",
        "custom_form_manager/templates/form_new.html",
        "custom_form_manager/templates/map_functions.html",
        "custom_form_manager/templates/map_parameters.html",
        "custom_form_manager/templates/tab-overview.html",
        "custom_form_manager/templates/form.html",
        "custom_form_manager/static/js/jquery.csv.min.js",
        "custom_form_manager/static/js/survey.jquery.js",
        "custom_form_manager/static/js/survey.jquery.min.js",
        "custom_form_manager/.git/hooks/applypatch-msg.sample",
        "custom_form_manager/.git/hooks/commit-msg.sample",
        "custom_form_manager/.git/hooks/fsmonitor-watchman.sample",
        "custom_form_manager/.git/hooks/post-update.sample",
        "custom_form_manager/.git/hooks/pre-applypatch.sample",
        "custom_form_manager/.git/hooks/pre-commit.sample",
        "custom_form_manager/.git/hooks/pre-merge-commit.sample",
        "custom_form_manager/.git/hooks/pre-push.sample",
        "custom_form_manager/.git/hooks/pre-rebase.sample",
        "custom_form_manager/.git/hooks/pre-receive.sample",
        "custom_form_manager/.git/hooks/prepare-commit-msg.sample",
        "custom_form_manager/.git/hooks/push-to-checkout.sample",
        "custom_form_manager/.git/hooks/update.sample",
        "custom_form_manager/.git/logs/refs/heads/0.0.3",
        "custom_form_manager/.git/logs/refs/heads/0.0.5",
        "custom_form_manager/.git/refs/heads/0.0.3",
        "custom_form_manager/.git/refs/heads/0.0.5",
        "custom_form_manager/.git/refs/tags/0.0.1",
        "custom_form_manager/.git/refs/tags/0.0.2",
        "custom_form_manager/.git/refs/tags/0.0.3",
        "custom_form_manager/.git/refs/tags/0.0.4",
        "custom_form_manager/.git/refs/tags/0.0.5",
        "custom_form_manager/.github/workflows/install_xui.yml"
    ],
    "version": ""
}